Part Number,Construct Number,Direction,Primer Sequence
1,1,re primer,attaccgcctttgagtgagcTTAGACTCGAGCGGCCGCTTTTTGACACCAGACCAACTGG
1,1,fw primer,TTTAATTACTAACTTTATCTATGATAGATCCCGTCGTTTTACAACGTCGTGACTGGGAAA
2,1,fw primer,AAGCGGCCGCTCGAGTCTAAgctcactcaaaggcggtaatcagataaaaaaaatccttag
2,1,re primer,AAAACGACGGGATCTATCATAGATAAAGTTAGTAATTAAACTTAAAAGTTGTTTAATGTC
1,10,re primer,AAAACGACGGGATCTATCATAAAACGACGGGATCTATCATaGGGGGAGAAAATCGTAAAG
1,10,fw primer,TCCACTAAAAGAATTCTCATCCTCCACTAAAAGAATTCTCATtTTCTTCAATTTTACTTT
2,10,fw primer,ATGATAGATCCCGTCGTTTTATGATAGATCCCGTCGTTTTACAACGTCGTGACTGGGAAA
2,10,re primer,GAGAATTCTTTTAGTGGAGGATGAGAATTCTTTTAGTGGAGGATGATTTGCCGCTGGCGG
1,11,re primer,gatgaggatcgtttcgcatgctaaatacattcaaatatctatccgctcatgagacaataa
1,11,fw primer,ttgcgcaagcggtctccaatttattaccaatgcttaatcagggaggcacctatctcagcg
2,11,fw primer,agatatttgaatgtatttagcatgcgaaacgatcctcatcctgtctcttgatcagatctt
2,11,re primer,tgattaagcattggtaataaattggagaccgcttgcgcaagatccggccacgatgcgtcc
1,12,re primer,gatgaggatcgtttcgcatgctaaatacattcaaatatctatccgctcatgagacaataa
1,12,fw primer,gtttgtcggtgaactaattCttattaccaatgcttaatcagggaggcacctatctcagcg
2,12,fw primer,agatatttgaatgtatttagcatgcgaaacgatcctcatcctgtctcttgatcagatctt
2,12,re primer,tgattaagcattggtaataaGaattagttcaccgacaaacaacagataaaacgaaaggcc
1,15,re primer,gggcctttcttcggcacgggGTTGTAGCAGGCGTCTTTGTCAAAAAACCCCTCAAGACCC
1,15,fw primer,aaggaatattcagcaatttgGTTGGGGATAGCGCTAGCTATAATAactaTCACTATAGGG
2,15,fw primer,ACAAAGACGCCTGCTACAACcccgtgccgaagaaaggcccacccgtgaaggtgagccagt
2,15,re primer,gaggtcattactggatctaTcaacaggagtccaagcgagctcgtaaacttggtctgacag
3,15,fw primer,gctcgcttggactcctgttgAtagatccagtaatgacctcagaactccatctggatttgt
3,15,re primer,TAGCTAGCGCTATCCCCAACcaaattgctgaatattccttttcttagacgtcaggtggca
1,16,re primer,attaccgcctttgagtgagccccaatgataaccccaagggaagttttagtcaaaagcctc
1,16,fw primer,aaatattctgaaatgagctgttgacaattaatcatcggctcgtataatgtgtggaattgt
2,16,fw primer,cccttggggttatcattggggctcactcaaaggcggtaatcagataaaaaaaatccttag
2,16,re primer,agccgatgattaattgtcaacagctcatttcagaatatttgccagaaccgttatgatgtc
1,17,re primer,attaccgcctttgagtgagccccaatgataaccccaagggaagttttagtcaaaagcctc
1,17,fw primer,aaatattctgaaatgagctgttgacaattaatcatcggctcgtataatgtgtggaattgt
2,17,fw primer,cccttggggttatcattggggctcactcaaaggcggtaatcagataaaaaaaatccttag
2,17,re primer,agccgatgattaattgtcaacagctcatttcagaatatttgccagaaccgttatgatgtc
1,18,re primer,attaccgcctttgagtgagccccaatgataaccccaagggaagttttagtcaaaagcctc
1,18,fw primer,aaatattctgaaatgagctgttgacaattaatcatcggctcgtataatgtgtggaattgt
2,18,fw primer,cccttggggttatcattggggctcactcaaaggcggtaatcagataaaaaaaatccttag
2,18,re primer,agccgatgattaattgtcaacagctcatttcagaatatttgccagaaccgttatgatgtc
1,19,re primer,TACGACTCACTATAGGGAGATACTGGAGaaagaggagaaatactagagATGATAGATCCC
1,19,fw primer,GGCCCCAAGGGGTTATGCTATTAGACTCGAGCGGCCGCTTTTTGACACCAGACCAACTGG
2,19,fw primer,tttctcctctttCTCCAGTATCTCCCTATAGTGAGTCGTATTActcgaggtgaagacgaa
2,19,re primer,ctcttacgtgcccgatcaacaatattattgaagcatttatcgcgaaacgatcctcatcct
3,19,fw primer,ataaatgcttcaataatattgttgatcgggcacgtaagaggttccaactttcaccataat
3,19,re primer,ctcgaaccccagagtcccgcttattacgccccgccctgccactcatcacagtactgttgt
4,19,fw primer,ggcagggcggggcgtaataagcgggactctggggttcgagagctcgcttggactcctgtt
4,19,re primer,AAGCGGCCGCTCGAGTCTAATAGCATAACCCCTTGGGGCCTCTAAACGGGTCTTGAGGGG
1,2,re primer,GGGGTTATGCTActctagtattattacaacttggatttaccacctttcttcgccttgatc
1,2,fw primer,TACGACTCACTATAGGGAGAtactagagttaaggaggtaaaaaaaatgggtccggtcgtt
2,2,fw primer,gtaaatccaagttgtaataatactagagTAGCATAACCCCTTGGGGCCTCTAAACGGGTC
2,2,re primer,ttacctccttaactctagtaTCTCCCTATAGTGAGTCGTATTACTCTAGAAGCGGCCGCg
1,20,re primer,cattttttttacctccttaaTCTCCCTATAGTGAGTCGTATTACTCTAGAAGCGGCCGCg
1,20,fw primer,ttttcgcggccaagcgctaaTAGCATAACCCCTTGGGGCCTCTAAACGGGTCTTGAGGGG
2,20,fw primer,TACGACTCACTATAGGGAGAttaaggaggtaaaaaaaatgaaacattcttccgatatctg
2,20,re primer,GGCCCCAAGGGGTTATGCTAttagcgcttggccgcgaaaaccgcgtccgggatctccgcc
1,21,re primer,cattttttttacctccttaaTCTCCCTATAGTGATAGTTATTACTCTAGAAGCGGCCGCg
1,21,fw primer,ttttcgcggccaagcgctaaTAGCATAACCCCTTGGGGCCTCTAAACGGGTCTTGAGGGG
2,21,fw primer,TAACTATCACTATAGGGAGAttaaggaggtaaaaaaaatgaaacattcttccgatatctg
2,21,re primer,GGCCCCAAGGGGTTATGCTAttagcgcttggccgcgaaaaccgcgtccgggatctccgcc
1,22,re primer,cattttttttacctccttaaTCTCCCTATAGTGAGTCGTATTACTCTAGAAGCGGCCGCg
1,22,fw primer,ttttcgcggccaagcgctaaTAGCATAACCCCTTGGGGCCTCTAAACGGGTCTTGAGGGG
2,22,fw primer,TACGACTCACTATAGGGAGAttaaggaggtaaaaaaaatgaaacattcttccgatatctg
2,22,re primer,GGCCCCAAGGGGTTATGCTAttagcgcttggccgcgaaaaccgcgtccgggatctccgcc
1,23,re primer,cattttttttacctccttaaTCTCCCTATAGTGATAGTTATTACTCTAGAAGCGGCCGCg
1,23,fw primer,ttttcgcggccaagcgctaaTAGCATAACCCCTTGGGGCCTCTAAACGGGTCTTGAGGGG
2,23,fw primer,TAACTATCACTATAGGGAGAttaaggaggtaaaaaaaatgaaacattcttccgatatctg
2,23,re primer,GGCCCCAAGGGGTTATGCTAttagcgcttggccgcgaaaaccgcgtccgggatctccgcc
1,24,re primer,agaccgtcatctagtacctcTCTCCCTATAGTGAGTCGTATTACTCTAGAAGCGGCCGCg
1,24,fw primer,tggaggatctgatataataaTAGCATAACCCCTTGGGGCCTCTAAACGGGTCTTGAGGGG
2,24,fw primer,TACGACTCACTATAGGGAGAgaggtactagatgacggtctgcgcaaaaaaacacgttcat
2,24,re primer,GGCCCCAAGGGGTTATGCTAttattatatcagatcctccagcatcaaacctgctgtcgct
1,25,re primer,agaccgtcatctagtacctcTCTCCCTATAGTGATAGTTATTACTCTAGAAGCGGCCGCg
1,25,fw primer,tggaggatctgatataataaTAGCATAACCCCTTGGGGCCTCTAAACGGGTCTTGAGGGG
2,25,fw primer,TAACTATCACTATAGGGAGAgaggtactagatgacggtctgcgcaaaaaaacacgttcat
2,25,re primer,GGCCCCAAGGGGTTATGCTAttattatatcagatcctccagcatcaaacctgctgtcgct
1,26,re primer,cattttttttacctccttaaTCTCCCTATAGTGAGTCGTATTACTCTAGAAGCGGCCGCg
1,26,fw primer,ttttcgcggccaagcgctaaTAGCATAACCCCTTGGGGCCTCTAAACGGGTCTTGAGGGG
2,26,fw primer,TACGACTCACTATAGGGAGAttaaggaggtaaaaaaaatgaaacattcttccgatatctg
2,26,re primer,GGCCCCAAGGGGTTATGCTAttagcgcttggccgcgaaaaccgcgtccgggatctccgcc
1,27,re primer,cattttttttacctccttaaTCTCCCTATAGTGATAGTTATTACTCTAGAAGCGGCCGCg
1,27,fw primer,ttttcgcggccaagcgctaaTAGCATAACCCCTTGGGGCCTCTAAACGGGTCTTGAGGGG
2,27,fw primer,TAACTATCACTATAGGGAGAttaaggaggtaaaaaaaatgaaacattcttccgatatctg
2,27,re primer,GGCCCCAAGGGGTTATGCTAttagcgcttggccgcgaaaaccgcgtccgggatctccgcc
1,28,re primer,attgttatccgctcacaattCTCTAGAAGCGGCCGCgaattcgagtcactaagggctaac
1,28,fw primer,tggaggatctgatataataaattagcagaaagtcaaaagcctccgaccggaggcttttga
2,28,fw primer,attcGCGGCCGCTTCTAGAGaattgtgagcggataacaattgacattgtgagcggataac
2,28,re primer,gcttttgactttctgctaatttattatatcagatcctccagcatcaaacctgctgtcgct
1,29,fw primer,tacggacggcatgacagtacgcgaattatgcagcgctgccataaccatgagtgataacac
1,29,re primer,agatgcttttctgtgactggtgagtactcaaccaagtcattctgagaatagtgtatgcgg
1,3,re primer,GGGGTTATGCTActctagtattattacaacttggatttaccacctttcttcgccttgatc
1,3,fw primer,TAACTATCACTATAGGGAGAtactagagttaaggaggtaaaaaaaatgggtccggtcgtt
2,3,fw primer,gtaaatccaagttgtaataatactagagTAGCATAACCCCTTGGGGCCTCTAAACGGGTC
2,3,re primer,ttacctccttaactctagtaTCTCCCTATAGTGATAGTTATTACTCTAGAAGCGGCCGCg
1,30,fw primer,tacggacggcatgacagtacgcgaattatgcagcgctgccataaccatgagtgataacac
1,30,re primer,agatgcttttctgtgactggtgagtactcaaccaagtcattctgagaatagtgtatgcgg
1,31,fw primer,tacggacggcatgacagtacgcgaattatgcagcgctgccataaccatgagtgataacac
1,31,re primer,agatgcttttctgtgactggtgagtactcaaccaagtcattctgagaatagtgtatgcgg
1,32,fw primer,tacggacggcatgacagtacgcgaattatgcagcgctgccataaccatgagtgataacac
1,32,re primer,agatgcttttctgtgactggtgagtactcaaccaagtcattctgagaatagtgtatgcgg
1,33,fw primer,ACTACGCTTTAGTAGCTtaataatactagagaaagaggagaaatactagatgacgaccaa
1,33,re primer,TTTCGTCGTTTGCAGCattctcgtcggctgccgggagggtgaagcggaaggtcgccccgc
1,34,fw primer,ACTACGCTTTAGTAGCTtaataatactagtagcggccgctgcagtccggcaaaaaagggc
1,34,re primer,TTTCGTCGTTTGCAGCatcgttgagcatgccggcgcgcatcgcgaggcgaaccagctccg
1,4,re primer,GGGGTTATGCTActctagtattattacaacttggatttaccacctttcttcgccttgatc
1,4,fw primer,TAACCCTCACTATAGGGAGAtactagagttaaggaggtaaaaaaaatgggtccggtcgtt
2,4,fw primer,gtaaatccaagttgtaataatactagagTAGCATAACCCCTTGGGGCCTCTAAACGGGTC
2,4,re primer,ttacctccttaactctagtaTCTCCCTATAGTGAGGGTTATTACTCTAGAAGCGGCCGCg
1,5,re primer,GGGGTTATGCTActctagtattattaggtatattccatgtggtacttcttaatattatca
1,5,fw primer,TACGACTCACTATAGGGAGAttaaggaggtaaaaaaaatgaacaaatgcatcccgatgat
2,5,fw primer,acatggaatatacctaataatactagagTAGCATAACCCCTTGGGGCCTCTAAACGGGTC
2,5,re primer,cattttttttacctccttaaTCTCCCTATAGTGAGTCGTATTACTCTAGAAGCGGCCGCg
1,6,re primer,GGGGTTATGCTActctagtattattaggtatattccatgtggtacttcttaatattatca
1,6,fw primer,TAACTATCACTATAGGGAGAttaaggaggtaaaaaaaatgaacaaatgcatcccgatgat
2,6,fw primer,acatggaatatacctaataatactagagTAGCATAACCCCTTGGGGCCTCTAAACGGGTC
2,6,re primer,cattttttttacctccttaaTCTCCCTATAGTGATAGTTATTACTCTAGAAGCGGCCGCg
1,7,re primer,GGGGTTATGCTActctagtattattaggtatattccatgtggtacttcttaatattatca
1,7,fw primer,TAACCCTCACTATAGGGAGAttaaggaggtaaaaaaaatgaacaaatgcatcccgatgat
2,7,fw primer,acatggaatatacctaataatactagagTAGCATAACCCCTTGGGGCCTCTAAACGGGTC
2,7,re primer,cattttttttacctccttaaTCTCCCTATAGTGAGGGTTATTACTCTAGAAGCGGCCGCg
1,8,re primer,gcggagatccgcaggcttgataaacaacatAAAACGACGGGATCTATCATaGGGGGAGAA
1,8,fw primer,cggttctggcaaatattctgaaatgagctgCCTCCACTAAAAGAATTCTCATtTTCTTCA
2,8,fw primer,TTCTCCCCCtATGATAGATCCCGTCGTTTTatgttgtttatcaagcctgcggatctccgc
2,8,re primer,TGAAGAAaATGAGAATTCTTTTAGTGGAGGcagctcatttcagaatatttgccagaaccg
1,9,re primer,acgactccaattgagctactggtttggataAAAACGACGGGATCTATCATaGGGGGAGAA
1,9,fw primer,cggttctggcaaatattctgaaatgagctgCCTCCACTAAAAGAATTCTCATtTTCTTCA
2,9,fw primer,TTCTCCCCCtATGATAGATCCCGTCGTTTTtatccaaaccagtagctcaattggagtcgt
2,9,re primer,TGAAGAAaATGAGAATTCTTTTAGTGGAGGcagctcatttcagaatatttgccagaaccg
