Primer Sequence,Construct Number,Part Number,Direction
tacggacggcatgacagtacgcgaattatgcagcgctgccataaccatgagtgataacac,29,1,fw primer
agatgcttttctgtgactggtgagtactcaaccaagtcattctgagaatagtgtatgcgg,29,1,re primer
tacggacggcatgacagtacgcgaattatgcagcgctgccataaccatgagtgataacac,30,1,fw primer
agatgcttttctgtgactggtgagtactcaaccaagtcattctgagaatagtgtatgcgg,30,1,re primer
tacggacggcatgacagtacgcgaattatgcagcgctgccataaccatgagtgataacac,31,1,fw primer
agatgcttttctgtgactggtgagtactcaaccaagtcattctgagaatagtgtatgcgg,31,1,re primer
tacggacggcatgacagtacgcgaattatgcagcgctgccataaccatgagtgataacac,32,1,fw primer
agatgcttttctgtgactggtgagtactcaaccaagtcattctgagaatagtgtatgcgg,32,1,re primer
ACTACGCTTTAGTAGCTtaataatactagagaaagaggagaaatactagatgacgaccaa,33,1,fw primer
TTTCGTCGTTTGCAGCattctcgtcggctgccgggagggtgaagcggaaggtcgccccgc,33,1,re primer
ACTACGCTTTAGTAGCTtaataatactagtagcggccgctgcagtccggcaaaaaagggc,34,1,fw primer
TTTCGTCGTTTGCAGCatcgttgagcatgccggcgcgcatcgcgaggcgaaccagctccg,34,1,re primer
AAGCGGCCGCTCGAGTCTAAgctcactcaaaggcggtaatcagataaaaaaaatccttag,1,2,fw primer
attaccgcctttgagtgagcTTAGACTCGAGCGGCCGCTTTTTGACACCAGACCAACTGG,1,1,re primer
TTTAATTACTAACTTTATCTATGATAGATCCCGTCGTTTTACAACGTCGTGACTGGGAAA,1,1,fw primer
AAAACGACGGGATCTATCATAGATAAAGTTAGTAATTAAACTTAAAAGTTGTTTAATGTC,1,2,re primer
gtaaatccaagttgtaataatactagagTAGCATAACCCCTTGGGGCCTCTAAACGGGTC,2,2,fw primer
GGGGTTATGCTActctagtattattacaacttggatttaccacctttcttcgccttgatc,2,1,re primer
TACGACTCACTATAGGGAGAtactagagttaaggaggtaaaaaaaatgggtccggtcgtt,2,1,fw primer
ttacctccttaactctagtaTCTCCCTATAGTGAGTCGTATTACTCTAGAAGCGGCCGCg,2,2,re primer
gtaaatccaagttgtaataatactagagTAGCATAACCCCTTGGGGCCTCTAAACGGGTC,3,2,fw primer
GGGGTTATGCTActctagtattattacaacttggatttaccacctttcttcgccttgatc,3,1,re primer
TAACTATCACTATAGGGAGAtactagagttaaggaggtaaaaaaaatgggtccggtcgtt,3,1,fw primer
ttacctccttaactctagtaTCTCCCTATAGTGATAGTTATTACTCTAGAAGCGGCCGCg,3,2,re primer
gtaaatccaagttgtaataatactagagTAGCATAACCCCTTGGGGCCTCTAAACGGGTC,4,2,fw primer
GGGGTTATGCTActctagtattattacaacttggatttaccacctttcttcgccttgatc,4,1,re primer
TAACCCTCACTATAGGGAGAtactagagttaaggaggtaaaaaaaatgggtccggtcgtt,4,1,fw primer
ttacctccttaactctagtaTCTCCCTATAGTGAGGGTTATTACTCTAGAAGCGGCCGCg,4,2,re primer
acatggaatatacctaataatactagagTAGCATAACCCCTTGGGGCCTCTAAACGGGTC,5,2,fw primer
GGGGTTATGCTActctagtattattaggtatattccatgtggtacttcttaatattatca,5,1,re primer
TACGACTCACTATAGGGAGAttaaggaggtaaaaaaaatgaacaaatgcatcccgatgat,5,1,fw primer
cattttttttacctccttaaTCTCCCTATAGTGAGTCGTATTACTCTAGAAGCGGCCGCg,5,2,re primer
acatggaatatacctaataatactagagTAGCATAACCCCTTGGGGCCTCTAAACGGGTC,6,2,fw primer
GGGGTTATGCTActctagtattattaggtatattccatgtggtacttcttaatattatca,6,1,re primer
TAACTATCACTATAGGGAGAttaaggaggtaaaaaaaatgaacaaatgcatcccgatgat,6,1,fw primer
cattttttttacctccttaaTCTCCCTATAGTGATAGTTATTACTCTAGAAGCGGCCGCg,6,2,re primer
acatggaatatacctaataatactagagTAGCATAACCCCTTGGGGCCTCTAAACGGGTC,7,2,fw primer
GGGGTTATGCTActctagtattattaggtatattccatgtggtacttcttaatattatca,7,1,re primer
TAACCCTCACTATAGGGAGAttaaggaggtaaaaaaaatgaacaaatgcatcccgatgat,7,1,fw primer
cattttttttacctccttaaTCTCCCTATAGTGAGGGTTATTACTCTAGAAGCGGCCGCg,7,2,re primer
TTCTCCCCCtATGATAGATCCCGTCGTTTTatgttgtttatcaagcctgcggatctccgc,8,2,fw primer
gcggagatccgcaggcttgataaacaacatAAAACGACGGGATCTATCATaGGGGGAGAA,8,1,re primer
cggttctggcaaatattctgaaatgagctgCCTCCACTAAAAGAATTCTCATtTTCTTCA,8,1,fw primer
TGAAGAAaATGAGAATTCTTTTAGTGGAGGcagctcatttcagaatatttgccagaaccg,8,2,re primer
TTCTCCCCCtATGATAGATCCCGTCGTTTTtatccaaaccagtagctcaattggagtcgt,9,2,fw primer
acgactccaattgagctactggtttggataAAAACGACGGGATCTATCATaGGGGGAGAA,9,1,re primer
cggttctggcaaatattctgaaatgagctgCCTCCACTAAAAGAATTCTCATtTTCTTCA,9,1,fw primer
TGAAGAAaATGAGAATTCTTTTAGTGGAGGcagctcatttcagaatatttgccagaaccg,9,2,re primer
ATGATAGATCCCGTCGTTTTATGATAGATCCCGTCGTTTTACAACGTCGTGACTGGGAAA,10,2,fw primer
AAAACGACGGGATCTATCATAAAACGACGGGATCTATCATaGGGGGAGAAAATCGTAAAG,10,1,re primer
TCCACTAAAAGAATTCTCATCCTCCACTAAAAGAATTCTCATtTTCTTCAATTTTACTTT,10,1,fw primer
GAGAATTCTTTTAGTGGAGGATGAGAATTCTTTTAGTGGAGGATGATTTGCCGCTGGCGG,10,2,re primer
agatatttgaatgtatttagcatgcgaaacgatcctcatcctgtctcttgatcagatctt,11,2,fw primer
gatgaggatcgtttcgcatgctaaatacattcaaatatctatccgctcatgagacaataa,11,1,re primer
ttgcgcaagcggtctccaatttattaccaatgcttaatcagggaggcacctatctcagcg,11,1,fw primer
tgattaagcattggtaataaattggagaccgcttgcgcaagatccggccacgatgcgtcc,11,2,re primer
agatatttgaatgtatttagcatgcgaaacgatcctcatcctgtctcttgatcagatctt,12,2,fw primer
gatgaggatcgtttcgcatgctaaatacattcaaatatctatccgctcatgagacaataa,12,1,re primer
gtttgtcggtgaactaattCttattaccaatgcttaatcagggaggcacctatctcagcg,12,1,fw primer
tgattaagcattggtaataaGaattagttcaccgacaaacaacagataaaacgaaaggcc,12,2,re primer
ACAAAGACGCCTGCTACAACcccgtgccgaagaaaggcccacccgtgaaggtgagccagt,15,2,fw primer
gggcctttcttcggcacgggGTTGTAGCAGGCGTCTTTGTCAAAAAACCCCTCAAGACCC,15,1,re primer
gctcgcttggactcctgttgAtagatccagtaatgacctcagaactccatctggatttgt,15,3,fw primer
gaggtcattactggatctaTcaacaggagtccaagcgagctcgtaaacttggtctgacag,15,2,re primer
aaggaatattcagcaatttgGTTGGGGATAGCGCTAGCTATAATAactaTCACTATAGGG,15,1,fw primer
TAGCTAGCGCTATCCCCAACcaaattgctgaatattccttttcttagacgtcaggtggca,15,3,re primer
cccttggggttatcattggggctcactcaaaggcggtaatcagataaaaaaaatccttag,16,2,fw primer
attaccgcctttgagtgagccccaatgataaccccaagggaagttttagtcaaaagcctc,16,1,re primer
aaatattctgaaatgagctgttgacaattaatcatcggctcgtataatgtgtggaattgt,16,1,fw primer
agccgatgattaattgtcaacagctcatttcagaatatttgccagaaccgttatgatgtc,16,2,re primer
cccttggggttatcattggggctcactcaaaggcggtaatcagataaaaaaaatccttag,17,2,fw primer
attaccgcctttgagtgagccccaatgataaccccaagggaagttttagtcaaaagcctc,17,1,re primer
aaatattctgaaatgagctgttgacaattaatcatcggctcgtataatgtgtggaattgt,17,1,fw primer
agccgatgattaattgtcaacagctcatttcagaatatttgccagaaccgttatgatgtc,17,2,re primer
cccttggggttatcattggggctcactcaaaggcggtaatcagataaaaaaaatccttag,18,2,fw primer
attaccgcctttgagtgagccccaatgataaccccaagggaagttttagtcaaaagcctc,18,1,re primer
aaatattctgaaatgagctgttgacaattaatcatcggctcgtataatgtgtggaattgt,18,1,fw primer
agccgatgattaattgtcaacagctcatttcagaatatttgccagaaccgttatgatgtc,18,2,re primer
tttctcctctttCTCCAGTATCTCCCTATAGTGAGTCGTATTActcgaggtgaagacgaa,19,2,fw primer
TACGACTCACTATAGGGAGATACTGGAGaaagaggagaaatactagagATGATAGATCCC,19,1,re primer
ataaatgcttcaataatattgttgatcgggcacgtaagaggttccaactttcaccataat,19,3,fw primer
ctcttacgtgcccgatcaacaatattattgaagcatttatcgcgaaacgatcctcatcct,19,2,re primer
ggcagggcggggcgtaataagcgggactctggggttcgagagctcgcttggactcctgtt,19,4,fw primer
ctcgaaccccagagtcccgcttattacgccccgccctgccactcatcacagtactgttgt,19,3,re primer
GGCCCCAAGGGGTTATGCTATTAGACTCGAGCGGCCGCTTTTTGACACCAGACCAACTGG,19,1,fw primer
AAGCGGCCGCTCGAGTCTAATAGCATAACCCCTTGGGGCCTCTAAACGGGTCTTGAGGGG,19,4,re primer
TACGACTCACTATAGGGAGAttaaggaggtaaaaaaaatgaaacattcttccgatatctg,20,2,fw primer
cattttttttacctccttaaTCTCCCTATAGTGAGTCGTATTACTCTAGAAGCGGCCGCg,20,1,re primer
ttttcgcggccaagcgctaaTAGCATAACCCCTTGGGGCCTCTAAACGGGTCTTGAGGGG,20,1,fw primer
GGCCCCAAGGGGTTATGCTAttagcgcttggccgcgaaaaccgcgtccgggatctccgcc,20,2,re primer
TAACTATCACTATAGGGAGAttaaggaggtaaaaaaaatgaaacattcttccgatatctg,21,2,fw primer
cattttttttacctccttaaTCTCCCTATAGTGATAGTTATTACTCTAGAAGCGGCCGCg,21,1,re primer
ttttcgcggccaagcgctaaTAGCATAACCCCTTGGGGCCTCTAAACGGGTCTTGAGGGG,21,1,fw primer
GGCCCCAAGGGGTTATGCTAttagcgcttggccgcgaaaaccgcgtccgggatctccgcc,21,2,re primer
TACGACTCACTATAGGGAGAttaaggaggtaaaaaaaatgaaacattcttccgatatctg,22,2,fw primer
cattttttttacctccttaaTCTCCCTATAGTGAGTCGTATTACTCTAGAAGCGGCCGCg,22,1,re primer
ttttcgcggccaagcgctaaTAGCATAACCCCTTGGGGCCTCTAAACGGGTCTTGAGGGG,22,1,fw primer
GGCCCCAAGGGGTTATGCTAttagcgcttggccgcgaaaaccgcgtccgggatctccgcc,22,2,re primer
TAACTATCACTATAGGGAGAttaaggaggtaaaaaaaatgaaacattcttccgatatctg,23,2,fw primer
cattttttttacctccttaaTCTCCCTATAGTGATAGTTATTACTCTAGAAGCGGCCGCg,23,1,re primer
ttttcgcggccaagcgctaaTAGCATAACCCCTTGGGGCCTCTAAACGGGTCTTGAGGGG,23,1,fw primer
GGCCCCAAGGGGTTATGCTAttagcgcttggccgcgaaaaccgcgtccgggatctccgcc,23,2,re primer
TACGACTCACTATAGGGAGAgaggtactagatgacggtctgcgcaaaaaaacacgttcat,24,2,fw primer
agaccgtcatctagtacctcTCTCCCTATAGTGAGTCGTATTACTCTAGAAGCGGCCGCg,24,1,re primer
tggaggatctgatataataaTAGCATAACCCCTTGGGGCCTCTAAACGGGTCTTGAGGGG,24,1,fw primer
GGCCCCAAGGGGTTATGCTAttattatatcagatcctccagcatcaaacctgctgtcgct,24,2,re primer
TAACTATCACTATAGGGAGAgaggtactagatgacggtctgcgcaaaaaaacacgttcat,25,2,fw primer
agaccgtcatctagtacctcTCTCCCTATAGTGATAGTTATTACTCTAGAAGCGGCCGCg,25,1,re primer
tggaggatctgatataataaTAGCATAACCCCTTGGGGCCTCTAAACGGGTCTTGAGGGG,25,1,fw primer
GGCCCCAAGGGGTTATGCTAttattatatcagatcctccagcatcaaacctgctgtcgct,25,2,re primer
TACGACTCACTATAGGGAGAttaaggaggtaaaaaaaatgaaacattcttccgatatctg,26,2,fw primer
cattttttttacctccttaaTCTCCCTATAGTGAGTCGTATTACTCTAGAAGCGGCCGCg,26,1,re primer
ttttcgcggccaagcgctaaTAGCATAACCCCTTGGGGCCTCTAAACGGGTCTTGAGGGG,26,1,fw primer
GGCCCCAAGGGGTTATGCTAttagcgcttggccgcgaaaaccgcgtccgggatctccgcc,26,2,re primer
TAACTATCACTATAGGGAGAttaaggaggtaaaaaaaatgaaacattcttccgatatctg,27,2,fw primer
cattttttttacctccttaaTCTCCCTATAGTGATAGTTATTACTCTAGAAGCGGCCGCg,27,1,re primer
ttttcgcggccaagcgctaaTAGCATAACCCCTTGGGGCCTCTAAACGGGTCTTGAGGGG,27,1,fw primer
GGCCCCAAGGGGTTATGCTAttagcgcttggccgcgaaaaccgcgtccgggatctccgcc,27,2,re primer
attcGCGGCCGCTTCTAGAGaattgtgagcggataacaattgacattgtgagcggataac,28,2,fw primer
attgttatccgctcacaattCTCTAGAAGCGGCCGCgaattcgagtcactaagggctaac,28,1,re primer
tggaggatctgatataataaattagcagaaagtcaaaagcctccgaccggaggcttttga,28,1,fw primer
gcttttgactttctgctaatttattatatcagatcctccagcatcaaacctgctgtcgct,28,2,re primer
